<application>
  <component name="libraryTable">
    <library name="core" type="javaScript">
      <CLASSES>
        <root url="file://$APPLICATION_CONFIG_DIR$/javascript/extLibs/http_cdn.jsdelivr.net_npm_jquery@3.2.1_src_core.js" />
      </CLASSES>
      <SOURCES />
    </library>
    <library name="jquery" type="javaScript">
      <properties>
        <sourceFilesUrls>
          <item url="file://$APPLICATION_CONFIG_DIR$/javascript/extLibs/http_cdn.jsdelivr.net_npm_jquery_dist_jquery.js" />
        </sourceFilesUrls>
      </properties>
      <CLASSES>
        <root url="file://$APPLICATION_CONFIG_DIR$/javascript/extLibs/http_cdn.jsdelivr.net_npm_jquery@3.2_dist_jquery.js" />
        <root url="file://$APPLICATION_CONFIG_DIR$/javascript/extLibs/http_cdn.jsdelivr.net_npm_jquery_dist_jquery.js" />
      </CLASSES>
      <SOURCES />
    </library>
    <library name="jquery-3.2.1" type="javaScript">
      <properties>
        <option name="frameworkName" value="jQuery" />
      </properties>
      <CLASSES>
        <root url="file://$APPLICATION_CONFIG_DIR$/javascript/extLibs/http_code.jquery.com_jquery-3.2.1.js" />
      </CLASSES>
      <DOCUMENTATION>
        <root url="http://api.jquery.com" />
      </DOCUMENTATION>
      <SOURCES />
    </library>
    <library name="jquery.scrollTo" type="javaScript">
      <properties>
        <sourceFilesUrls>
          <item url="file://$APPLICATION_CONFIG_DIR$/javascript/extLibs/__cdn.jsdelivr.net_npm_jquery.scrollto@2.1.2_jquery.scrollTo.js" />
        </sourceFilesUrls>
      </properties>
      <CLASSES>
        <root url="file://$APPLICATION_CONFIG_DIR$/javascript/extLibs/__cdn.jsdelivr.net_npm_jquery.scrollto@2.1.2_jquery.scrollTo.js" />
      </CLASSES>
      <SOURCES />
    </library>
    <library name="semantic" type="javaScript">
      <properties>
        <sourceFilesUrls>
          <item url="file://$APPLICATION_CONFIG_DIR$/javascript/extLibs/http_cdn.jsdelivr.net_npm_semantic-ui@2.3.3_dist_semantic.js" />
        </sourceFilesUrls>
      </properties>
      <CLASSES>
        <root url="file://$APPLICATION_CONFIG_DIR$/javascript/extLibs/http_cdn.jsdelivr.net_npm_semantic-ui@2.3.1_dist_semantic.js" />
        <root url="file://$APPLICATION_CONFIG_DIR$/javascript/extLibs/http_cdn.jsdelivr.net_npm_semantic-ui@2.3.3_dist_semantic.js" />
      </CLASSES>
      <SOURCES />
    </library>
  </component>
</application>