<application>
  <component name="FileTypeManager" version="18">
    <extensionMap>
      <mapping pattern="test" type="AUTO_DETECTED" />
      <mapping pattern="READ&gt;ME" type="PLAIN_TEXT" />
      <mapping pattern=".gitkeep" type="PLAIN_TEXT" />
      <mapping pattern="objectextension" type="PLAIN_TEXT" />
      <mapping ext="me" type="PLAIN_TEXT" />
      <mapping ext="pages" type="PLAIN_TEXT" />
      <removed_mapping ext="ignore" approved="true" type="IgnoreLang file" />
    </extensionMap>
  </component>
</application>