<application>
  <component name="ExternalResourceManagerImpl">
    <resource url="http://docs.oasis-open.org/wss/2004/01/oasis-200401-wss-wssecurity-utility-1.0.xsd" location="$USER_HOME$/Library/Caches/IntelliJIdea2016.3/extResources/70e3a855_oasis-200401-wss-wssecurity-utility-1.0.xsd" />
    <resource url="http://www.springframework.org/schema/beans/spring-beans-3.0.xsd" location="$USER_HOME$/Library/Caches/IntelliJIdea2016.3/extResources/a32f63cf_spring-beans-3.0.xsd" />
    <resource url="http://www.w3.org/2007/05/addressing/metadata" location="$USER_HOME$/Library/Caches/IntelliJIdea2016.3/extResources/c7b2967c_metadata.xml" />
    <ignored-resource url="$USER_HOME$/Documents/IntelliJWorkSpace/ajax/web/XMLDTDSchema/schema.xsd" />
    <ignored-resource url="http://calculator.xikai.com/" />
    <CATALOG_PROPERTIES />
  </component>
</application>