<keymap version="1" name="Eclipse (Mac OS X) Xiong" parent="Eclipse (Mac OS X)">
  <action id="ActivateDatabaseToolWindow">
    <keyboard-shortcut first-keystroke="ctrl meta b" />
  </action>
  <action id="ActivateProjectToolWindow">
    <keyboard-shortcut first-keystroke="alt q" />
  </action>
  <action id="ActivateTerminalToolWindow">
    <keyboard-shortcut first-keystroke="meta 3" />
  </action>
  <action id="AddToISuite">
    <keyboard-shortcut first-keystroke="meta alt t" />
  </action>
  <action id="Arrangement.Alias.Rule.Add">
    <keyboard-shortcut first-keystroke="ctrl enter" />
  </action>
  <action id="Arrangement.Rule.Add">
    <keyboard-shortcut first-keystroke="ctrl enter" />
  </action>
  <action id="AutoIndentLines" />
  <action id="ChangesView.Move" />
  <action id="CloseProject">
    <keyboard-shortcut first-keystroke="shift ctrl w" />
  </action>
  <action id="CodeCompletion">
    <keyboard-shortcut first-keystroke="shift tab" />
  </action>
  <action id="Compile">
    <keyboard-shortcut first-keystroke="shift meta f9" />
    <keyboard-shortcut first-keystroke="shift ctrl b" />
  </action>
  <action id="ConsoleView.ClearAll">
    <keyboard-shortcut first-keystroke="shift alt c" />
  </action>
  <action id="Coverage">
    <keyboard-shortcut first-keystroke="meta alt r" />
  </action>
  <action id="CreateServletAction">
    <keyboard-shortcut first-keystroke="meta alt s" />
  </action>
  <action id="DatabaseView.PropertiesAction" />
  <action id="Diff.ApplyLeftSide" />
  <action id="Diff.ApplyRightSide" />
  <action id="Editor Redo">
    <keyboard-shortcut first-keystroke="shift meta z" />
  </action>
  <action id="EditorDeleteToLineStart">
    <keyboard-shortcut first-keystroke="shift meta back_space" />
  </action>
  <action id="EditorDown">
    <keyboard-shortcut first-keystroke="down" />
  </action>
  <action id="EditorSelectWord" />
  <action id="EditorToggleCase" />
  <action id="EditorUnSelectWord" />
  <action id="EditorUnindentSelection" />
  <action id="FileChooser.NewFolder" />
  <action id="Find">
    <keyboard-shortcut first-keystroke="meta f" />
  </action>
  <action id="Generate">
    <keyboard-shortcut first-keystroke="ctrl n" />
  </action>
  <action id="GotoAction">
    <keyboard-shortcut first-keystroke="meta b" />
  </action>
  <action id="GotoBookmark1" />
  <action id="GotoBookmark2" />
  <action id="HideCoverage">
    <keyboard-shortcut first-keystroke="shift meta f6" />
  </action>
  <action id="Move" />
  <action id="NewElement">
    <keyboard-shortcut first-keystroke="meta n" />
  </action>
  <action id="NewElementInMenuGroup">
    <keyboard-shortcut first-keystroke="meta n" />
  </action>
  <action id="NextDiff" />
  <action id="NextTab">
    <keyboard-shortcut first-keystroke="meta alt right" />
  </action>
  <action id="ParameterInfo" />
  <action id="PrevParameter" />
  <action id="PrevTemplateParameter" />
  <action id="PreviousTab">
    <keyboard-shortcut first-keystroke="meta alt left" />
  </action>
  <action id="PreviousTemplateVariable" />
  <action id="PropertyInspectorActions.AddProperty">
    <keyboard-shortcut first-keystroke="ctrl enter" />
  </action>
  <action id="QuickImplementations">
    <keyboard-shortcut first-keystroke="alt space" />
  </action>
  <action id="RemoteHost.NewRemoteItem">
    <keyboard-shortcut first-keystroke="ctrl enter" />
  </action>
  <action id="RenameFile">
    <keyboard-shortcut first-keystroke="shift f6" />
  </action>
  <action id="Rerun">
    <keyboard-shortcut first-keystroke="alt r" />
  </action>
  <action id="RestoreDefaultLayout" />
  <action id="Run">
    <keyboard-shortcut first-keystroke="meta r" />
  </action>
  <action id="RunToCursor" />
  <action id="SearchEverywhere">
    <keyboard-shortcut first-keystroke="meta g" />
  </action>
  <action id="ShowContent" />
  <action id="SwitchApply">
    <keyboard-shortcut first-keystroke="ctrl alt enter" />
  </action>
  <action id="SwitchDown">
    <keyboard-shortcut first-keystroke="ctrl alt down" />
  </action>
  <action id="SwitchLeft">
    <keyboard-shortcut first-keystroke="ctrl alt left" />
  </action>
  <action id="SwitchRight">
    <keyboard-shortcut first-keystroke="ctrl alt right" />
  </action>
  <action id="SwitchUp">
    <keyboard-shortcut first-keystroke="ctrl alt up" />
  </action>
  <action id="Uml.NewElement">
    <keyboard-shortcut first-keystroke="ctrl enter" />
  </action>
  <action id="Vcs.MoveChangedLinesToChangelist" />
  <action id="WebOpenInAction">
    <keyboard-shortcut first-keystroke="meta i" />
  </action>
  <action id="editRunConfigurations">
    <keyboard-shortcut first-keystroke="ctrl c" />
  </action>
</keymap>