<keymap version="1" name="IntelliJ IDEA Classic (OS X) copy" parent="Mac OS X">
  <action id="ActivateRunToolWindow">
    <keyboard-shortcut first-keystroke="meta r" />
  </action>
  <action id="ActivateTerminalToolWindow">
    <keyboard-shortcut first-keystroke="meta 4" />
  </action>
  <action id="Arrangement.Rule.Group.Condition.Move.Down" />
  <action id="Arrangement.Rule.Match.Condition.Move.Down" />
  <action id="Arrangement.Rule.Match.Condition.Move.Up" />
  <action id="Back">
    <mouse-shortcut keystroke="button4" />
    <keyboard-shortcut first-keystroke="meta open_bracket" />
  </action>
  <action id="ChooseRunConfiguration">
    <keyboard-shortcut first-keystroke="meta r" />
  </action>
  <action id="CloseActiveTab" />
  <action id="CloseAllEditors">
    <keyboard-shortcut first-keystroke="ctrl w" />
  </action>
  <action id="CloseContent">
    <keyboard-shortcut first-keystroke="meta w" />
  </action>
  <action id="CloseProject">
    <keyboard-shortcut first-keystroke="shift ctrl w" />
  </action>
  <action id="CodeCompletion">
    <keyboard-shortcut first-keystroke="shift tab" />
  </action>
  <action id="CollapseBlock" />
  <action id="CommentByBlockComment">
    <keyboard-shortcut first-keystroke="shift meta divide" />
  </action>
  <action id="CompareTwoFiles" />
  <action id="Diff.ApplyLeftSide" />
  <action id="Diff.ApplyRightSide" />
  <action id="Diff.NextChange" />
  <action id="Diff.PrevChange" />
  <action id="Diff.ShowDiff" />
  <action id="EditorCodeBlockEnd" />
  <action id="EditorCodeBlockStart" />
  <action id="EditorDeleteLine">
    <keyboard-shortcut first-keystroke="meta d" />
  </action>
  <action id="EditorDuplicate">
    <keyboard-shortcut first-keystroke="meta alt down" />
  </action>
  <action id="EditorLookupDown" />
  <action id="EditorLookupUp" />
  <action id="EditorMatchBrace">
    <keyboard-shortcut first-keystroke="ctrl meta alt m" />
  </action>
  <action id="EditorSelectWord" />
  <action id="EditorUnindentSelection" />
  <action id="FileChooser.GotoDesktop" />
  <action id="Forward">
    <mouse-shortcut keystroke="button5" />
    <keyboard-shortcut first-keystroke="meta close_bracket" />
  </action>
  <action id="GotoAction" />
  <action id="GotoBookmark1" />
  <action id="GotoBookmark2" />
  <action id="GotoChangedFile" />
  <action id="GotoClass" />
  <action id="GotoNextError" />
  <action id="GotoPreviousError">
    <keyboard-shortcut first-keystroke="shift meta period" />
  </action>
  <action id="MethodDown" />
  <action id="MethodUp" />
  <action id="MoveStatementDown">
    <keyboard-shortcut first-keystroke="alt down" />
  </action>
  <action id="MoveStatementUp">
    <keyboard-shortcut first-keystroke="alt up" />
  </action>
  <action id="NewElementMenu">
    <keyboard-shortcut first-keystroke="meta n" />
  </action>
  <action id="NextEditorTab" />
  <action id="NextOccurence" />
  <action id="NextTab">
    <keyboard-shortcut first-keystroke="meta alt right" />
  </action>
  <action id="PrevParameter" />
  <action id="PrevTemplateParameter" />
  <action id="PreviousEditorTab" />
  <action id="PreviousTab">
    <keyboard-shortcut first-keystroke="meta alt left" />
  </action>
  <action id="PreviousTemplateVariable" />
  <action id="QuickImplementations" />
  <action id="ReformatCode">
    <keyboard-shortcut first-keystroke="shift meta f" />
  </action>
  <action id="Refresh" />
  <action id="Replace" />
  <action id="Rerun" />
  <action id="RestoreDefaultLayout" />
  <action id="Run">
    <keyboard-shortcut first-keystroke="meta r" />
  </action>
  <action id="SearchEverywhere.PrevTab" />
  <action id="SendEOF" />
  <action id="ShowBookmarks" />
  <action id="ShowIntentionActions">
    <keyboard-shortcut first-keystroke="meta 1" />
  </action>
  <action id="ShowSearchHistory" />
  <action id="SmartTypeCompletion" />
  <action id="WebOpenInAction">
    <keyboard-shortcut first-keystroke="shift meta i" />
  </action>
  <action id="editRunConfigurations">
    <keyboard-shortcut first-keystroke="shift ctrl c" />
  </action>
  <action id="openAssertEqualsDiff" />
</keymap>